<odoo>
    <data>
	<!--
          <record id="object0" model="nba.equipo">
            <field name="name">0002</field>
            <field name="nombre">San Antonio Spurs</field>
            <field name="ciudad">San Antonio</field>
            <field name="estadio">AT T Center</field>
          </record>

          <record id="object1" model="nba.presidente">
            <field name="name">0002</field>
            <field name="nombre">Peter</field>
            <field name="apellidos">John Holt</field>
            <field name="patrimonio">200000000</field>
            <field name="equipo_presidente_id">0002</field>
          </record>

          <record id="object2" model="nba.jugador">
            <field name="name">0002</field>
            <field name="nombre">Tony</field>
            <field name="apellidos">Parker Jr.</field>
            <field name="fecha_nacimiento">17/05/1982</field>
            <field name="equipo_jugador_id">0002</field>
          </record>
	  <record id="object3" model="nba.patrocinador">
            <field name="name">0002</field>
            <field name="patrocinador">Hijole</field>
            <field name="pago_patrocinio">150000000</field>
            <field name="equipo_patrocinador_ids">0002</field>
          </record>
	-->
    </data>
</odoo>
