id,name,model_id:id,group_id:id,perm_read,perm_write,perm_create,perm_unlink
access_nba_jugador_usuario,nba.jugador.usuario,model_nba_jugador,group_nba_usuario,1,1,1,1
access_nba_jugador_administrador,nba.jugador.administrador,model_nba_jugador,group_nba_administrador,1,1,1,1
access_nba_presidente_usuario,nba.presidente.usuario,model_nba_presidente,group_nba_usuario,1,1,1,1
access_nba_presidente_administrador,nba.presidente.administrador,model_nba_presidente,group_nba_administrador,1,1,1,1
access_nba_patrocinador_usuario,nba.patrocinador.usuario,model_nba_patrocinador,group_nba_usuario,1,1,1,1
access_nba_patrocinador_administrador,nba.patrocinador.administrador,model_nba_patrocinador,group_nba_administrador,1,1,1,1
access_nba_equipo_usuario,nba.equipo.usuario,model_nba_equipo,group_nba_usuario,1,1,1,1
access_nba_equipo_administrador,nba.equipo.administrador,model_nba_equipo,group_nba_administrador,1,1,1,1
