<?xml version="1.0" encoding="utf-8" ?>
<odoo>
	<data>
		<record model="ir.module.category" id="nba.module_category_nba">
			<field name="name">-NBA</field>
			<field name="description">Liga de Baloncesto NBA</field>
			<field name="sequence">100</field>		
		</record>

		<record model="res.groups" id="group_nba_usuario">
			<field name="name">Usuario</field>
			<field name="category_id" ref="nba.module_category_nba"></field>
			<field name="comment">Usuarios r</field>		
		</record>

		<record model="res.groups" id="group_nba_administrador">
			<field name="name">Administrador</field>
			<field name="category_id" ref="nba.module_category_nba"></field>
			<field name="comment">Administrador r/w</field>
			<field name="implied_ids" eval="[(4,ref('group_nba_usuario'))]"/>
			<field name="users" eval="[(4,ref('base.user_root')), (4,ref('base.user_admin'))]"/>
		</record>
	</data>
</odoo>
